dataset,MAE,RMSE,R2,MAPE
train,9.039307341856115e-10,1.419626890720026e-09,1.0,9.86079331237013e-15
test,3.0009282959832086e-09,3.914510276453722e-09,1.0,3.485887396317064e-14
